label,n1,n2,n3,n4,n5,n6,n7,n8,n9,n10,n11
Maruland~N. Y,526,312,78,85,60,1061
Fordham 190 236 . . 85,60,571
Georgetown,336,76,78,490
Missouri,322,639,602,48,328,765,505,440,38,56,3743
Chicago,14,240,480,734
■Cincinnati,170,25,195
Detroit,65,147,129,341
Milwaukee 118 78 309 .. 181 248,440,38,56,1468
Omaha,54,90,120,48,312
St. Louis 71 231 173,218,693
New Orleans 65,42,42,32,181
New Orleans 65,42,42,32,181
California,59,16,75
San Francisco,45,45
Santa Clara,16,16
Spokane,14,14
Total in Universities,962,951,722,175,376,765,565,440,38,56,5060
